,tripID,deviceID,timeStamp,accData,gps_speed,battery,cTemp,dtc,eLoad,iat,imap,kpl,maf,rpm,speed,tAdv,tPos,x,y,z,mx,my,mz,total_acceleration,hard_brake_event,angular_acceleration,event
0,50,12,7/12/2017 16:48,"[[-0.5162795053200844, 0.0, 0.8202464825731626], [-0.0873834199385379, -0.9544229708414128, -0.05713153084278716], [0.8155785860930205, -0.10440246116157993, 0.5532276211993469]]",48.152,0,90,0,96.8627,30,99,9.0941,13.62,1251.75,41,0,12.549,-0.516279505,-0.08738342,0.815578586,0.820246483,-0.057131531,0.553227621,0.969200093,FALSE,0.969200093,Normal
1,50,12,7/12/2017 16:48,"[[0.8512643221011836, 0.017397668028235117, 0.5187455522207769], [-0.06994783110250186, 0.9942694095811666, 0.07941296165249619], [-0.5143023699398199, -0.10438600816941071, 0.8476452341267605]]",44.0776,0,91,0,96.8627,30,107,8.7534,14.15,1221.5,41,0,32.9412,0.851264322,-0.069947831,-0.51430237,0.518745552,0.079412962,0.847645234,0.997020849,TRUE,0.997020849,Sharp Turn
2,50,12,7/12/2017 16:49,"[[-0.6557735205670642, 0.0, 0.7097394936879275], [-0.07561076522917679, -0.9544229708414128, -0.07199226401533375], [0.7057004754723167, -0.10440246116157993, 0.6919277974764483]]",42.7812,0,91,0,99.6078,30,111,8.3201,15.25,1262.25,42,0,36.8627,-0.655773521,-0.075610765,0.705700475,0.709739494,-0.071992264,0.691927797,0.966317266,FALSE,0.966317266,Normal
3,50,12,7/12/2017 16:49,"[[0.2851990813705946, 0.09751364464057893, 0.9383818712811453], [-0.5870531919990585, 0.8001091571246315, 0.08484251725410799], [-0.738537742436979, -0.5850818678434736, 0.28952033488566825]]",42.9664,0,91,0,40.3922,30,104,8.7747,14.46,1277,42,0,13.3333,0.285199081,-0.587053192,-0.738537742,0.938381871,0.084842517,0.289520335,0.985600306,FALSE,0.985600306,Normal
4,50,12,7/12/2017 16:49,"[[0.1808615513384044, 0.057252211308024624, 0.9650107489563746], [-0.34823193289972704, 0.936035380928394, 0.003701593750271755], [-0.9018082291762045, -0.3435132678481478, 0.1907060414934538]]",43.1516,0,91,0,70.1961,30,106,8.7891,14.78,1277.75,43,0,27.451,0.180861551,-0.348231933,-0.901808229,0.965010749,0.003701594,0.190706041,0.983480789,FALSE,0.983480789,Normal
5,50,12,7/12/2017 16:49,"[[0.3363907469084353, 0.02422153910526699, 0.9272055933362862], [-0.14531984243007218, 0.9888615642106796, 0.024277825094809646], [-0.9160671583824089, -0.14532923463160194, 0.33638643285477865]]",43.1516,0,91,0,80.3922,30,109,8.5182,15.25,1306,43,0,31.3725,0.336390747,-0.145319842,-0.916067158,0.927205593,0.024277825,0.336386433,0.98663855,FALSE,0.98663855,Normal
6,50,12,7/12/2017 16:49,"[[0.33995898178341355, 0.013562795986600361, -0.9261977653509791], [0.07251067765974463, 0.996521311035226, 0.039348833773923945], [0.9234546288808378, -0.08137677591960216, 0.3378197110619242]]",44.2628,0,91,0,97.2549,30,109,7.9358,16.75,1337.75,44,0,37.2549,0.339958982,0.072510678,0.923454629,-0.926197765,0.039348834,0.337819711,0.986710879,FALSE,0.986710879,Normal
7,50,12,7/12/2017 16:49,"[[0.5458066211388888, 0.02422153910526699, 0.8266442488821155], [-0.1355181611851878, 0.9888615642106796, 0.057810876002882344], [-0.8158199710447707, -0.14532923463160194, 0.5431798814995683]]",44.6332,0,91,0,91.7647,30,115,8.0003,17.37,1375.5,46,0,23.1373,0.545806621,-0.135518161,-0.815819971,0.826644249,0.057810876,0.543179881,0.990874495,TRUE,0.990874495,Sharp Turn
8,50,12,7/12/2017 16:49,"[[-0.2637371033589074, 0.008737123901787863, -0.9379855643043882], [0.04765315340538228, -0.9585578770002405, -0.02352994541653753], [-0.9368150474602869, -0.05242274341072717, 0.3028947203913025]]",47.226,0,91,0,49.4118,30,112,8.5888,16.18,1379.25,46,0,23.1373,-0.263737103,0.047653153,-0.936815047,-0.937985564,-0.023529945,0.30289472,0.974397514,FALSE,0.974397514,Normal
9,50,12,7/12/2017 16:49,"[[-0.1565108195661292, 0.008156194944085194, 0.9639384871765039], [-0.049605713507443736, -0.9587433932902234, -0.0008020462308913178], [0.9626958002211864, -0.04893716966451117, 0.19669733914724372]]",47.7816,0,92,0,59.2157,30,106,8.402,16.18,1374.5,45,0,16.4706,-0.15651082,-0.049605714,0.9626958,0.963938487,-0.000802046,0.196697339,0.976595908,FALSE,0.976595908,Normal
10,50,12,7/12/2017 16:49,"[[-0.8481324938067443, 0.0, -0.4546932737537287], [0.05639775952954204, -0.9524323191793942, -0.10767858345758718], [-0.4511820762363363, -0.12155403989742428, 0.8814286676606975]]",46.3,0,92,0,94.902,30,109,8.4176,16.15,1398.25,45,0,32.1569,-0.848132494,0.05639776,-0.451182076,-0.454693274,-0.107678583,0.881428668,0.962327751,FALSE,0.962327751,Normal
11,50,12,7/12/2017 16:49,"[[0.8370441319603318, 0.011100585211832886, -0.5410320354998794], [0.03367766394536968, 0.9968514986412939, 0.07090108993126196], [0.5400969370218376, -0.07770409648283019, 0.8340376969215961]]",46.8556,0,92,0,96.8627,30,117,7.9138,17.56,1398.25,46,0,39.2157,0.837044132,0.033677664,0.540096937,-0.541032035,0.07090109,0.834037697,0.996735554,TRUE,0.996735554,Sharp Turn
12,50,12,7/12/2017 16:49,"[[-0.3600398891513072, 0.012214742644004057, 0.903227813298507], [-0.07228153573902403, -0.9571794115203245, -0.017198176996428557], [0.900413828328436, -0.07328845586402434, 0.39984699550213193]]",46.8556,0,92,0,96.8627,30,123,7.608,19.06,1447.75,48,0,41.1765,-0.360039889,-0.072281536,0.900413828,0.903227813,-0.017198177,0.399846996,0.972418842,FALSE,0.972418842,Normal
13,50,12,7/12/2017 16:49,"[[-0.178424644092878, 0.008737123901787863, -0.9596620880719107], [0.04957231767999455, -0.9585578770002405, -0.019158984331530515], [-0.9584207040420446, -0.05242274341072717, 0.21769069284325118]]",48.7076,0,92,0,89.4118,30,126,7.267,20.37,1478.25,49,0,41.1765,-0.178424644,0.049572318,-0.958420704,-0.959662088,-0.019158984,0.217690693,0.976147025,FALSE,0.976147025,Normal
14,50,12,7/12/2017 16:49,"[[0.41391530964581713, 0.057252211308024624, 0.8955182371827952], [-0.33655980606801406, 0.936035380928394, 0.0894800414999501], [-0.8318402645737345, -0.3435132678481478, 0.4078664835303327]]",49.2632,0,92,0,86.6667,30,129,7.1895,21.43,1540,51,0,41.1765,0.41391531,-0.336559806,-0.831840265,0.895518237,0.089480041,0.407866484,0.98820879,TRUE,0.98820879,Sharp Turn
15,50,12,7/12/2017 16:49,"[[0.3553510659886209, 0.02422153910526699, 0.9205177779834932], [-0.14479104320050137, 0.9888615642106796, 0.0272547831425189], [-0.9093817770052391, -0.14532923463160194, 0.35511818394737493]]",50.93,0,92,0,84.7059,30,134,6.8984,23.21,1597,53,0,41.9608,0.355351066,-0.144791043,-0.909381777,0.920517778,0.027254783,0.355118184,0.987022818,TRUE,0.987022818,Sharp Turn
16,50,12,7/12/2017 16:49,"[[-0.15567996969378606, 0.09751364464057893, 0.9591807115227563], [-0.5643244133634133, 0.8001091571246315, -0.18266816759451077], [-0.7817125461001823, -0.5850818678434736, -0.06369410487222162]]",52.4116,0,92,0,82.3529,30,138,6.7406,24.65,1655.75,55,0,42.3529,-0.15567997,-0.564324413,-0.781712546,0.959180712,-0.182668168,-0.063694105,0.976612923,FALSE,0.976612923,Normal
17,50,12,7/12/2017 16:49,"[[-0.5583210943707686, 0.0, 0.7911666776386608], [-0.07384805838512495, -0.9557215415381024, -0.05398090080071258], [0.7877126227746662, -0.0914738945191971, 0.5957962752076008]]",55.9304,0,92,0,79.6078,30,138,6.6153,26.03,1704,57,0,40.7843,-0.558321094,-0.073848058,0.787712623,0.791166678,-0.053980901,0.595796275,0.968332152,FALSE,0.968332152,Normal
18,50,12,7/12/2017 16:49,"[[-0.2960820329734429, 0.0, 0.927627160248866], [-0.13760463310171342, -0.9491576258109315, -0.046887751934393034], [0.9173642206780894, -0.14537364387163973, 0.33258501289595355]]",58.5232,0,92,0,62.7451,30,140,6.773,25.87,1743,58,0,32.9412,-0.296082033,-0.137604633,0.917364221,0.92762716,-0.046887752,0.332585013,0.973733392,FALSE,0.973733392,Normal
19,50,12,7/12/2017 16:49,"[[-0.6357825193017207, 0.0, 0.7282508409732792], [-0.2557059416221783, -0.8976025940176636, -0.23026061511072607], [0.6818825109924755, -0.3441009727566239, 0.6340283069619361]]",60.3752,0,92,0,63.1373,30,134,6.8317,26.09,1774.25,59,0,32.9412,-0.635782519,-0.255705942,0.681882511,0.728250841,-0.230260615,0.634028307,0.966730934,FALSE,0.966730934,Normal
20,50,12,7/12/2017 16:49,"[[-0.486053269662863, 0.0, 0.8392318441667509], [-0.06969441120736695, -0.956614843079982, -0.04202543661070653], [0.8363329344884034, -0.08138457025666518, 0.5243052393284784]]",60.3752,0,92,0,63.1373,30,134,6.9475,26.09,1808.5,60,0,32.9412,-0.48605327,-0.069694411,0.836332934,0.839231844,-0.042025437,0.524305239,0.969823628,FALSE,0.969823628,Normal
21,50,12,7/12/2017 16:49,"[[-0.7183491819849542, 0.0, 0.6443915622214096], [-0.11875397700048394, -0.9432147431956354, -0.13606928910350993], [0.6333545440025811, -0.18060276434918165, 0.7457028752187195]]",60.7456,0,91,0,52.1569,30,137,6.691,27.09,1838.5,60,0,34.1176,-0.718349182,-0.118753977,0.633354544,0.644391562,-0.136069289,0.745702875,0.96502126,FALSE,0.96502126,Normal
22,50,12,7/12/2017 16:49,"[[0.5437417264860765, 0.0, 0.8283082783223791], [-0.05634474966786544, 0.9977300188279092, 0.03562694861536596], [-0.8263896617953599, -0.06666341037463017, 0.542528579692034]]",61.3012,0,91,0,49.4118,30,132,6.8353,26.96,1838.5,61,0,26.2745,0.543741726,-0.05634475,-0.826389662,0.828308278,0.035626949,0.54252858,0.990832816,TRUE,0.990832816,Sharp Turn
23,50,12,7/12/2017 16:49,"[[0.8657880736616637, 0.0, 0.4950177112505091], [-0.03367302941612538, 0.9977300188279092, 0.057533793310689196], [-0.4938710981031722, -0.06666341037463017, 0.8638289685567749]]",62.042,0,90,0,49.4118,30,125,7.1626,26.15,1851.5,62,0,20,0.865788074,-0.033673029,-0.493871098,0.495017711,0.057533793,0.863828969,0.997312149,TRUE,0.997312149,Sharp Turn
24,50,12,7/12/2017 16:49,"[[0.819000193536862, 0.0, 0.5674492847189583], [-0.13762666694573258, 0.9707396501424254, 0.19378601134361387], [-0.5505066677829303, -0.23768491253560634, 0.7951440453744555]]",63.7088,0,90,0,45.8824,30,120,8.133,23.03,1861.25,62,0,25.4902,0.819000194,-0.137626667,-0.550506668,0.567449285,0.193786011,0.795144045,0.996373428,TRUE,0.996373428,Sharp Turn
25,50,12,7/12/2017 16:49,"[[-0.8264233526938839, 0.0, 0.49393067126312884], [-0.49393067126312884, 0.020000000000000018, -0.8464233526938839], [0.0, -0.98, 0.020000000000000018]]",63.5236,0,90,0,58.0392,30,130,7.2339,26.31,1880.5,63,0,30.1961,-0.826423353,-0.493930671,0,0.493930671,-0.846423353,0.02,0.962778825,FALSE,0.962778825,Normal
26,50,12,7/12/2017 16:49,"[[-0.2918539335190707, -0.03958182719437895, 0.9282135546869791], [-0.21307913909603518, -0.9299638526650947, -0.11209798888375537], [0.9042922119706526, -0.2374909631662737, 0.313689696420525]]",63.894,0,90,0,38.0392,30,118,8.4363,22.56,1895.25,63,0,19.2157,-0.291853934,-0.213079139,0.904292212,0.928213555,-0.112097989,0.313689696,0.973820231,FALSE,0.973820231,Normal
27,50,12,7/12/2017 16:49,"[[-0.7570092564318556, -0.010187902841815701, 0.5971204418330532], [-0.02918700981508673, -0.9580386728143073, -0.05466692727492793], [0.5964936997800303, -0.06112741705089421, 0.7951507627600047]]",64.2644,0,90,0,42.3529,30,118,8.0989,23.5,1882.25,63,0,20.7843,-0.757009256,-0.02918701,0.5964937,0.597120442,-0.054666927,0.795150763,0.9642197,FALSE,0.9642197,Normal
28,50,12,7/12/2017 16:49,"[[-0.8453972475226058, -0.013562795986600361, 0.4596777725160566], [-0.02624130379150767, -0.956521311035226, -0.07821459626799267], [0.45912852008519295, -0.08137677591960216, 0.8819621931299025]]",64.6348,0,90,0,56.4706,29,118,7.8711,24.18,1887.5,63,0,26.6667,-0.845397248,-0.026241304,0.45912852,0.459677773,-0.078214596,0.881962193,0.962384596,FALSE,0.962384596,Normal
29,50,12,7/12/2017 16:49,"[[0.6957080303403403, -0.013562795986600361, 0.7096722541417296], [-0.0496206069723596, 0.996521311035226, 0.06590845513087], [-0.7080652887250387, -0.08137677591960216, 0.6926227525468184]]",65.1904,0,90,0,57.6471,29,125,7.1135,27.18,1924.25,64,0,30.9804,0.69570803,-0.049620607,-0.708065289,0.709672254,0.065908455,0.692622753,0.993895528,TRUE,0.993895528,Sharp Turn
30,50,12,7/12/2017 16:49,"[[0.4132848006531798, -0.015243804594470382, 0.897493560977835], [-0.07769128535990012, 0.9956034940461045, 0.05061508257584133], [-0.8942545106144645, -0.0914628275668223, 0.410311953979335]]",65.1904,0,90,0,52.1569,29,135,7.41,26.5,1961.5,65,0,30.9804,0.413284801,-0.077691285,-0.894254511,0.897493561,0.050615083,0.410311954,0.98819603,TRUE,0.98819603,Sharp Turn
31,50,12,7/12/2017 16:49,"[[0.44469018502012414, -0.02422153910526699, 0.8828655411731419], [-0.1206210709123871, 0.9888615642106796, 0.0846039399034352], [-0.8749221702526012, -0.14532923463160194, 0.43688200916071107]]",65.1904,0,90,0,40.7843,29,131,7.41,26.5,1966.25,65,0,26.2745,0.444690185,-0.120621071,-0.87492217,0.882865541,0.08460394,0.436882009,0.988831435,TRUE,0.988831435,Sharp Turn
32,50,12,7/12/2017 16:49,"[[-0.40531693153243553, -0.024423794527682115, 0.8825582054531605], [-0.055453543322501894, -0.9569517811072845, -0.05375985420631044], [0.8811528881441704, -0.07327138358304634, 0.44261198759975223]]",65.5608,0,90,0,34.1176,29,122,7.8264,25.09,1962.75,65,0,20,-0.405316932,-0.055453543,0.881152888,0.882558205,-0.053759854,0.442611988,0.971487171,FALSE,0.971487171,Normal
33,50,12,7/12/2017 16:49,"[[-0.38342193691702947, -0.04048342685382935, -0.8921949523306455], [0.1273083511949823, -0.9516022444919044, -0.013478212578400954], [-0.8839928305875151, -0.12145028056148806, 0.42522401807075616]]",67.4128,0,91,0,0,29,119,7.7985,25.18,1962.75,65,0,16.4706,-0.383421937,0.127308351,-0.883992831,-0.892194952,-0.013478213,0.425224018,0.971937819,FALSE,0.971937819,Normal
34,50,12,7/12/2017 16:49,"[[0.2702408400515685, -0.01881140155059467, -0.9473255264912837], [0.059369082421502684, 0.9981928806309228, -0.0037417022070144568], [0.9456504819555237, -0.05643420465178401, 0.27091900390884394]]",66.8572,0,91,0,0,29,107,9.7597,20.12,1696.75,65,0,0,0.27024084,0.059369082,0.945650482,-0.947325526,-0.003741702,0.270919004,0.985296724,FALSE,0.985296724,Normal
35,50,12,7/12/2017 16:49,"[[0.7127271141877073, -0.017472164766856396, -0.6929818675315617], [0.049411492700515716, 0.9984412269439582, 0.024723871167530824], [0.691438825680391, -0.05241649430056918, 0.7125062176377628]]",67.2276,0,91,0,69.4118,29,112,10.635,18.18,1483.5,64,0,30.1961,0.712727114,0.049411493,0.691438826,-0.692981868,0.024723871,0.712506218,0.994237942,TRUE,0.994237942,Sharp Turn
36,50,12,7/12/2017 16:49,"[[0.630666475105303, -0.03047655026498502, -0.7658705086804232], [0.09043855336116659, 0.9952496084795207, 0.03330269097957415], [0.7611224108173426, -0.09142965079495508, 0.6305188733422653]]",65.9312,0,91,0,76.8627,29,117,10.238,19.18,1505.75,65,0,32.9412,0.630666475,0.090438553,0.761122411,-0.765870509,0.033302691,0.630518873,0.992585845,TRUE,0.992585845,Sharp Turn
37,50,12,7/12/2017 16:49,"[[0.35596914335030694, -0.01881140155059467, -0.9204188535053827], [0.05946221784656392, 0.9981928806309228, 0.0017125804345868843], [0.9186887282236724, -0.05643420465178401, 0.35649101203463357]]",64.82,0,92,0,74.902,29,121,9.9893,19.96,1530.75,66,0,35.2941,0.355969143,0.059462218,0.918688728,-0.920418854,0.00171258,0.356491012,0.987035341,TRUE,0.987035341,Sharp Turn
38,50,12,7/12/2017 16:49,"[[0.06715899205003725, -0.07897065047448727, -0.9756739546756698], [0.2411064966787938, 0.9676478056938472, -0.065048394468389], [0.9487063226984962, -0.2369119514234618, 0.08503107368500055]]",66.3016,0,92,0,80,29,125,9.6247,21.03,1557.25,67,0,36.8627,0.067158992,0.241106497,0.948706323,-0.975673955,-0.065048394,0.085031074,0.981165817,FALSE,0.981165817,Normal
39,50,12,7/12/2017 16:49,"[[-0.6230822967042817, -0.11903712053630067, 0.7298460958311501], [-0.07292415778971603, -0.9322969642904053, -0.2195735845085635], [0.7358853354132059, -0.19839520089383442, 0.6360455481424149]]",65.3756,0,92,0,77.6471,29,125,9.3122,22.06,1585.75,68,0,37.6471,-0.623082297,-0.072924158,0.735885335,0.729846096,-0.219573585,0.636045548,0.966993644,FALSE,0.966993644,Normal
40,50,12,7/12/2017 16:49,"[[-0.4278707420177681, -0.040700082826043, 0.870721138885698], [-0.04180183997727144, -0.9568019878250322, -0.06716012772158889], [0.8706689408833695, -0.06783347137673836, 0.4646731558594614]]",65.5608,0,92,0,77.6471,29,128,9.2275,22.59,1615.75,69,0,21.5686,-0.427870742,-0.04180184,0.870668941,0.870721139,-0.067160128,0.464673156,0.971022745,FALSE,0.971022745,Normal
41,50,12,7/12/2017 16:49,"[[-0.21638717007336555, -0.03665277004206223, 0.9503566068970898], [-0.05049309545636155, -0.9574072011216596, -0.050255452507748266], [0.949721829345804, -0.06108795007010372, 0.2538732759857184]]",65.3756,0,92,0,15.6863,29,119,10.7614,19.37,1610.5,69,0,21.5686,-0.21638717,-0.050493095,0.949721829,0.950356607,-0.050255453,0.253873276,0.975368911,FALSE,0.975368911,Normal
42,50,12,7/12/2017 16:49,"[[-0.28341532838924777, -0.045748020240576566, 0.9307235127267993], [-0.058434686628060215, -0.9559577651323001, -0.06702110172659431], [0.9300131858727194, -0.07624670040096095, 0.3194359944643275]]",68.8944,0,93,0,39.2157,29,108,10.7614,19.37,1595.75,69,0,7.8431,-0.283415328,-0.058434687,0.930013186,0.930723513,-0.067021102,0.319435994,0.973993525,FALSE,0.973993525,Normal
43,50,12,7/12/2017 16:49,"[[-0.2644757326776522, -0.040700082826043, -0.9369189189975118], [0.0767598092247876, -0.9568019878250322, 0.019126114839134324], [-0.9346558132303501, -0.06783347137673836, 0.3067352977149727]]",69.8204,0,93,0,67.451,29,111,10.8851,19.15,1599.5,69,0,25.098,-0.264475733,0.076759809,-0.934655813,-0.936918919,0.019126115,0.306735298,0.974382353,FALSE,0.974382353,Normal
44,50,12,7/12/2017 16:49,"[[0.34769516532535316, -0.07968533156181068, -0.9201446226307437], [0.21446288490673018, 0.9762239787417283, -0.0064322217640133215], [0.8983437814221635, -0.1992133289045267, 0.35718318458503356]]",70.1908,0,93,0,21.5686,29,116,10.1386,20.56,1599.5,69,0,24.7059,0.347695165,0.214462885,0.898343781,-0.920144623,-0.006432222,0.357183185,0.986867674,FALSE,0.986867674,Normal
45,50,12,7/12/2017 16:49,"[[-0.21937281683142287, -0.033335990294382646, -0.9497312074020117], [0.06204048194132522, -0.9578557153018908, 0.01868632258940216], [-0.9482887920684703, -0.05555998382397108, 0.260959446867729]]",70.376,0,93,0,21.5686,29,108,10.778,19.06,1588.5,68,0,7.0588,-0.219372817,0.062040482,-0.948288792,-0.949731207,0.018686323,0.260959447,0.975307689,FALSE,0.975307689,Normal
46,50,12,7/12/2017 16:49,"[[-0.20875099898293042, -0.06080300969544149, 0.9509868424306865], [-0.08457474028954935, -0.9528481551270638, -0.08254441453437984], [0.9491681061694323, -0.10133834949240249, 0.24183427407163455]]",71.1168,0,92,0,32.549,29,107,11.0004,18.4,1568.75,67,0,16.8627,-0.208750999,-0.08457474,0.949168106,0.950986842,-0.082544415,0.241834274,0.975525479,FALSE,0.975525479,Normal
47,50,12,7/12/2017 16:49,"[[0.2833932263480903, -0.02447112750721341, -0.943623427132068], [0.045869228673523284, 0.9988451002885365, -0.012581077140736016], [0.9428255523557046, -0.04078521251202235, 0.2842282049015764]]",71.302,0,92,0,67.8431,29,114,10.4334,19.4,1564,67,0,31.7647,0.283393226,0.045869229,0.942825552,-0.943623427,-0.012581077,0.284228205,0.98556366,FALSE,0.98556366,Normal
48,50,12,7/12/2017 16:49,"[[-0.2387154207369977, -0.022944954707344922, -0.944954951374062], [0.04294869122896867, -0.95898473418005, 0.012012500328223477], [-0.9442572430193993, -0.0382415911789082, 0.2794529624219163]]",68.8944,0,92,0,79.2157,29,124,9.7823,21,1575.25,68,0,40,-0.238715421,0.042948691,-0.944257243,-0.944954951,0.0120125,0.279452962,0.974910962,FALSE,0.974910962,Normal
49,50,12,7/12/2017 16:49,"[[-0.27973975806086393, -0.02447112750721341, 0.9327149839882173], [-0.03136103716351722, -0.9588451002885364, -0.03575968385142147], [0.9325087467609317, -0.04078521251202235, 0.31860342204118486]]",69.45,0,92,0,87.8431,29,134,8.9655,23.25,1602,69,0,43.1373,-0.279739758,-0.031361037,0.932508747,0.932714984,-0.035759684,0.318603422,0.974068997,FALSE,0.974068997,Normal
50,50,12,7/12/2017 16:49,"[[-0.22489755570378658, -0.028224903211354374, -0.9484875023156712], [0.05261471602782801, -0.9584633113269517, 0.015531904081850116], [-0.9474475599565507, -0.04704150535225729, 0.2660288964869204]]",69.6352,0,92,0,84.7059,29,134,8.9303,23.68,1629,70,0,29.0196,-0.224897556,0.052614716,-0.94744756,-0.948487502,0.015531904,0.266028896,0.97519439,FALSE,0.97519439,Normal
51,50,12,7/12/2017 16:49,"[[0.37649779142815326, -0.02447112750721341, 0.9125297193107602], [-0.02910395984741806, 0.9988451002885365, 0.03761953166009644], [-0.9123937111949254, -0.04078521251202235, 0.3753509282558586]]",71.4872,0,92,0,46.2745,29,128,9.9949,21.46,1646.25,71,0,18.0392,0.376497791,-0.02910396,-0.912393711,0.912529719,0.037619532,0.375350928,0.98745122,TRUE,0.98745122,Sharp Turn
52,50,12,7/12/2017 16:49,"[[0.37598605056148243, -0.033335990294382646, -0.9124487073566001], [0.0638870029375392, 0.9978557153018909, -0.010800504945879197], [0.9108196213638003, -0.05555998382397108, 0.3773803373664863]]",73.154,0,91,0,21.9608,29,115,11.095,19.06,1635,70,0,18.0392,0.375986051,0.063887003,0.910819621,-0.912448707,-0.010800505,0.377380337,0.987440855,TRUE,0.987440855,Sharp Turn
53,50,12,7/12/2017 16:49,"[[-0.24875314939346715, -0.028224903211354374, -0.9420058914517481], [0.052989885686358575, -0.9584633113269517, 0.014199309914338246], [-0.9409377326401782, -0.04704150535225729, 0.2898578886528133]]",72.0428,0,91,0,12.1569,29,106,11.095,19.06,1611.75,70,0,4.3137,-0.248753149,0.052989886,-0.940937733,-0.942005891,0.01419931,0.289857889,0.974705019,FALSE,0.974705019,Normal
54,50,12,7/12/2017 16:49,"[[-0.2902577966655644, -0.022944954707344922, 0.9293081451605314], [-0.02902279345753082, -0.95898473418005, -0.03386100563093727], [0.9291381905121276, -0.0382415911789082, 0.3292568570556754]]",71.8576,0,91,0,0.3922,29,104,11.3939,18.56,1580.5,70,0,2.7451,-0.290257797,-0.029022793,0.929138191,0.929308145,-0.033861006,0.329256857,0.973853012,FALSE,0.973853012,Normal
55,50,12,7/12/2017 16:49,"[[-0.4311305210542944, -0.06080300969544149, -0.8678618824359422], [0.11798233458903107, -0.9528481551270638, 0.006829040253958854], [-0.8619520994221215, -0.10133834949240249, 0.47515834302356025]]",70.7464,0,91,0,0,29,102,11.3937,18.03,1580.5,68,0,0,-0.431130521,0.117982335,-0.861952099,-0.867861882,0.00682904,0.475158343,0.970955601,FALSE,0.970955601,Normal
56,50,12,7/12/2017 16:49,"[[-0.5620128987242636, -0.017486065767358182, 0.7882608852547228], [-0.01775886917995829, -0.9592196829720581, -0.03483439457707003], [0.7882547864009638, -0.034972131534716365, 0.6012326055305992]]",70.0056,0,90,0,0,29,101,11.5855,17.21,1533.25,66,0,0,-0.562012899,-0.017758869,0.788254786,0.788260885,-0.034834395,0.601232606,0.968255898,FALSE,0.968255898,Normal
57,50,12,7/12/2017 16:49,"[[0.8546262265147201, 0.0, 0.5136137284125096], [-0.5136137284125096, 0.020000000000000018, 0.8346262265147201], [0.0, -0.98, 0.020000000000000018]]",70.1908,0,90,0,35.2941,29,105,11.3244,17.34,1507.5,65,0,18.0392,0.854626227,-0.513613728,0,0.513613728,0.834626227,0.02,0.997088286,TRUE,0.997088286,Sharp Turn
58,50,12,7/12/2017 16:49,"[[-0.096469357659051, -0.022196898914165212, -0.9728012060051543], [0.07978843499426164, -0.9566635522232695, 0.012732297506404614], [-0.9697776520252746, -0.07768914619957826, 0.1378800330638146]]",67.2276,0,90,0,52.9412,29,108,10.9701,17.9,1508.5,65,0,21.1765,-0.096469358,0.079788435,-0.969777652,-0.972801206,0.012732298,0.137880033,0.977824742,FALSE,0.977824742,Normal
59,50,12,7/12/2017 16:49,"[[-0.49263422790991773, -0.032607844447507875, 0.8345914430760056], [-0.02465540321229608, -0.9582353334252363, -0.053364253305522115], [0.8348642161858667, -0.04891176667126181, 0.5308907707264385]]",67.2276,0,90,0,65.098,29,112,10.4952,18.71,1516.25,65,0,27.451,-0.492634228,-0.024655403,0.834864216,0.834591443,-0.053364253,0.530890771,0.969687904,FALSE,0.969687904,Normal
60,50,12,7/12/2017 16:49,"[[-0.3916075560244432, -0.03262026110876006, -0.8887717020634609], [0.050717037621226695, -0.9586078332628017, 0.012429431668886411], [-0.887922858089886, -0.04077532638595007, 0.43271100159749476]]",66.8572,0,90,0,68.6275,29,115,10.3255,19.31,1524.25,66,0,29.4118,-0.391607556,0.050717038,-0.887922858,-0.888771702,0.012429432,0.432711002,0.971769364,FALSE,0.971769364,Normal
61,50,12,7/12/2017 16:49,"[[0.4611354686737387, -0.030568664400710134, -0.874565637922482], [0.05925897232902558, 0.9981972608227243, -0.004300362476199114], [0.8730909875130478, -0.05094777400118356, 0.4621724232104662]]",66.4868,0,90,0,57.6471,30,115,10.4445,19.09,1534.75,66,0,24.3137,0.461135469,0.059258972,0.873090988,-0.874565638,-0.004300362,0.462172423,0.989164,TRUE,0.989164,Sharp Turn
62,50,12,7/12/2017 16:50,"[[-0.19624354432247718, -0.03665277004206223, 0.955141509927768], [-0.05154422520230661, -0.9574072011216596, -0.04917678358552622], [0.954453729830392, -0.06108795007010372, 0.2337436314117588]]",66.3016,0,90,0,58.4314,29,113,10.5161,18.96,1531,66,0,17.6471,-0.196243544,-0.051544225,0.95445373,0.95514151,-0.049176784,0.233743631,0.97578187,FALSE,0.97578187,Normal
63,50,12,7/12/2017 16:50,"[[-0.1538240636432876, -0.1726427445373228, -0.9488833846459506], [0.31721730932952685, -0.900761304199055, 0.10941571802712098], [-0.9108009516685134, -0.2877379075622047, 0.23919973310078313]]",65.746,0,90,0,43.1373,29,110,10.7245,18.31,1523.75,65,0,17.6471,-0.153824064,0.317217309,-0.910800952,-0.948883385,0.109415718,0.239199733,0.976650929,FALSE,0.976650929,Normal
64,50,12,7/12/2017 16:50,"[[0.5580228118868691, -0.060400688033413835, 0.8168740482929036], [-0.09352163683646936, 0.9864110085346214, 0.1330543724442134], [-0.8137476005081515, -0.1510017200835346, 0.5447983643258043]]",64.82,0,90,0,48.2353,29,108,10.7245,18.31,1520.25,65,0,16.8627,0.558022812,-0.093521637,-0.813747601,0.816874048,0.133054372,0.544798364,0.991121039,TRUE,0.991121039,Sharp Turn
65,50,12,7/12/2017 16:50,"[[-0.2567992997538997, -0.06080300969544149, 0.9381285315284504], [-0.0802691857753197, -0.9528481551270638, -0.08673710210074738], [0.936663763295409, -0.10133834949240249, 0.28979906125010463]]",65.1904,0,90,0,57.2549,29,108,10.819,18.15,1513.25,65,0,21.9608,-0.2567993,-0.080269186,0.936663763,0.938128532,-0.086737102,0.289799061,0.974539906,FALSE,0.974539906,Normal
66,50,12,7/12/2017 16:50,"[[-0.10547208510374503, -0.11903712053630067, 0.9646174992162152], [-0.18317384975064066, -0.9322969642904053, -0.1413429608109594], [0.9545177298653222, -0.19839520089383442, 0.1196757123628761]]",66.672,0,90,0,51.7647,29,109,10.7245,18.31,1513.25,65,0,22.7451,-0.105472085,-0.18317385,0.95451773,0.964617499,-0.141342961,0.119675712,0.977640587,FALSE,0.977640587,Normal
67,50,12,7/12/2017 16:50,"[[0.38050755278527554, -0.3639628628270216, 0.8354431990671362], [-0.8997998627952414, 0.020000000000000018, 0.3882785171930901], [-0.1442030211141102, -0.9099071570675542, -0.31417727962685443]]",66.3016,0,91,0,51.7647,29,108,10.8369,18.12,1514,65,0,18.8235,0.380507553,-0.899799863,-0.144203021,0.835443199,0.388278517,-0.31417728,0.987532431,TRUE,0.987532431,Sharp Turn
68,50,12,7/12/2017 16:50,"[[-0.9069636755768227, -0.1726427445373228, 0.2670820602731069], [0.07741294821599852, -0.900761304199055, -0.3265055223700853], [0.3084567710548982, -0.2877379075622047, 0.9045684354204089]]",65.9312,0,91,0,54.1176,29,109,10.8549,18.09,1510.75,65,0,22.7451,-0.906963676,0.077412948,0.308456771,0.26708206,-0.326505522,0.904568435,0.961104289,FALSE,0.961104289,Normal
69,50,12,7/12/2017 16:50,"[[-0.6673575125092059, -0.09038669289949781, 0.692654239677957], [-0.044483504361022136, -0.9441247242613099, -0.16995509379779078], [0.6971089354160651, -0.15064448816582968, 0.6921200564990867]]",66.3016,0,91,0,68.6275,29,114,10.254,19.15,1522.75,65,0,28.6275,-0.667357513,-0.044483504,0.697108935,0.69265424,-0.169955094,0.692120056,0.966077481,FALSE,0.966077481,Normal
70,50,12,7/12/2017 16:50,"[[-0.3462714796665548, -0.06080300969544149, 0.9069444289452625], [-0.071500101130089, -0.9528481551270638, -0.09409677254962205], [0.9061638586487872, -0.10133834949240249, 0.37916235910921414]]",66.672,0,91,0,64.3137,29,115,10.3255,19.31,1532.75,66,0,26.6667,-0.34627148,-0.071500101,0.906163859,0.906944429,-0.094096773,0.379162359,0.97270198,FALSE,0.97270198,Normal
71,50,12,7/12/2017 16:50,"[[0.06425945227288102, -0.1726427445373228, 0.963657399516615], [-0.2995620092984341, -0.900761304199055, -0.15119928331424082], [0.9320427583912604, -0.2877379075622047, -0.07435673310439837]]",66.8572,0,91,0,40.3922,29,109,10.6567,18.71,1531.75,66,0,16.4706,0.064259452,-0.299562009,0.932042758,0.9636574,-0.151199283,-0.074356733,0.98110671,FALSE,0.98110671,Normal
72,50,12,7/12/2017 16:50,"[[-0.9012536722393883, -0.06066047713783694, -0.3286517577906], [0.09753508474988927, -0.950567634205391, -0.09426226538643184], [-0.3196538418794199, -0.12132095427567388, 0.9384240019867547]]",67.0424,0,92,0,28.6275,29,109,10.8729,18.06,1524,65,0,8.6275,-0.901253672,0.097535085,-0.319653842,-0.328651758,-0.094262265,0.938424002,0.961223103,FALSE,0.961223103,Normal
73,50,12,7/12/2017 16:50,"[[-0.7278676990663829, -0.040700082826043, 0.6320106074672381], [-0.012810385857122885, -0.9568019878250322, -0.07806260689508882], [0.6331901757823993, -0.06783347137673836, 0.7648951748089361]]",67.2276,0,92,0,20,29,106,11.2209,17.5,1513.5,65,0,7.451,-0.727867699,-0.012810386,0.633190176,0.632010607,-0.078062607,0.764895175,0.96482397,FALSE,0.96482397,Normal
74,50,12,7/12/2017 16:50,"[[0.22057494422571744, -0.07968533156181068, 0.9559392970700257], [-0.17959632522599403, 0.9762239787417283, 0.11739191814029543], [-0.9422923387750584, -0.1992133289045267, 0.20110548824540778]]",67.598,0,92,0,24.7059,29,104,11.0926,17.43,1500.75,64,0,7.451,0.220574944,-0.179596325,-0.942292339,0.955939297,0.117391918,0.201105488,0.984288067,FALSE,0.984288067,Normal
75,50,12,7/12/2017 16:50,"[[-0.5675236178228164, -0.11903712053630067, 0.7752716700839876], [-0.08891395727176629, -0.9322969642904053, -0.21359962548083553], [0.7793011655981681, -0.19839520089383442, 0.5801152002576179]]",67.598,0,92,0,27.8431,29,104,11.0926,17.43,1507,64,0,9.4118,-0.567523618,-0.088913957,0.779301166,0.77527167,-0.213599625,0.5801152,0.968142064,FALSE,0.968142064,Normal
76,50,12,7/12/2017 16:50,"[[0.5622922999863713, -0.04048342685382935, -0.8152791874724034], [0.12345721982137828, 0.9916022444919045, 0.033873195483588386], [0.8068936585755693, -0.12145028056148806, 0.5627452930261749]]",68.524,0,92,0,69.4118,29,104,11.1502,17.34,1496.25,64,0,10.9804,0.5622923,0.12345722,0.806893659,-0.815279187,0.033873195,0.562745293,0.99120719,TRUE,0.99120719,Sharp Turn
77,50,12,7/12/2017 16:50,"[[0.49522234063227605, -0.040578753475246136, 0.8561057713450927], [-0.06918551881919557, 0.9938900834059075, 0.08456636109797758], [-0.8542699169171882, -0.10144688368811534, 0.48939475800254767]]",68.1536,0,92,0,73.3333,29,112,10.5768,18.28,1496.25,64,0,29.4118,0.495222341,-0.069185519,-0.854269917,0.856105771,0.084566361,0.489394758,0.989852966,TRUE,0.989852966,Sharp Turn
78,50,12,7/12/2017 16:50,"[[0.681327070518802, -0.02711780211271179, -0.7227109592413797], [0.07828437475153671, 0.9962408760576245, 0.03500440806531262], [0.7189701401788398, -0.08135340633813537, 0.6809565498642114]]",65.9312,0,92,0,73.3333,29,117,10.1533,19.34,1515.25,65,0,31.3725,0.681327071,0.078284375,0.71897014,-0.722710959,0.035004408,0.68095655,0.993606101,TRUE,0.993606101,Sharp Turn
79,50,12,7/12/2017 16:50,"[[0.7798416576006472, -0.022231140197789236, 0.6185033805729822], [-0.017881122666109202, 0.9981701687027263, 0.057126058084549465], [-0.6186444219637809, -0.055577850494473086, 0.7780172700588777]]",67.4128,0,92,0,68.6275,29,118,10.0043,19.93,1534.5,66,0,29.8039,0.779841658,-0.017881123,-0.618644422,0.618503381,0.057126058,0.77801727,0.995587097,TRUE,0.995587097,Sharp Turn
80,50,12,7/12/2017 16:50,"[[-0.3231958746388537, -0.01529384214001829, 0.9178140824935451], [-0.03762990241245509, -0.9588058969611706, -0.03038102234071625], [0.9171698763453263, -0.04588152642005488, 0.3621904491040983]]",67.0424,0,92,0,32.9412,29,109,10.5831,18.84,1542,66,0,10.9804,-0.323195875,-0.037629902,0.917169876,0.917814082,-0.030381022,0.362190449,0.973176328,FALSE,0.973176328,Normal
81,50,12,7/12/2017 16:50,"[[-0.2844192900722199, -0.06008765526952665, -0.9295796735708758], [0.19001383257319582, -0.9414024843124263, -8.117105542175026e-05], [-0.9119340103663045, -0.18026296580857995, 0.33029280348587464]]",67.4128,0,92,0,21.9608,29,105,11.0586,18.03,1533.25,66,0,7.451,-0.28441929,0.190013833,-0.91193401,-0.929579674,-8.12E-05,0.330292803,0.973972909,FALSE,0.973972909,Normal
82,50,12,7/12/2017 16:50,"[[-0.33397242846891995, -0.01881140155059467, -0.9136463490079284], [0.05941714166535707, -0.9581928806309228, -0.002879506779996179], [-0.9119063127098825, -0.05643420465178401, 0.37446023385590993]]",66.8572,0,93,0,1.1765,29,101,11.3835,17.25,1516.75,65,0,0,-0.333972428,0.059417142,-0.911906313,-0.913646349,-0.002879507,0.374460234,0.972954831,FALSE,0.972954831,Normal
83,50,12,7/12/2017 16:50,"[[0.2675378508184153, -0.09751364464057893, 0.9431946254729778], [-0.5489362922853145, 0.8001091571246315, 0.2247190467725173], [-0.7731713648501551, -0.5850818678434736, 0.16242629145119347]]",67.0424,0,92,0,23.1373,29,101,11.6192,16.9,1511.75,65,0,8.2353,0.267537851,-0.548936292,-0.773171365,0.943194625,0.224719047,0.162426291,0.985241856,FALSE,0.985241856,Normal
84,50,12,7/12/2017 16:50,"[[-0.34030425448422585, -0.06008765526952665, 0.9093790837075463], [-0.14614982629501236, -0.9414024843124263, -0.12143101511488916], [0.8995671584014746, -0.18026296580857995, 0.3645057193768934]]",67.0424,0,92,0,16.0784,29,103,11.3423,16.78,1467.5,63,0,3.1373,-0.340304254,-0.146149826,0.899567158,0.909379084,-0.121431015,0.364505719,0.972824665,FALSE,0.972824665,Normal
85,50,12,7/12/2017 16:50,"[[-0.3091666690105889, -0.06008765526952665, 0.9211073649128443], [-0.1501952934677698, -0.9414024843124263, -0.11639002095551507], [0.9107637881649686, -0.18026296580857995, 0.3337109901251323]]",66.8572,0,92,0,24.3137,29,102,11.2817,16.87,1465.75,63,0,3.1373,-0.309166669,-0.150195293,0.910763788,0.921107365,-0.116390021,0.33371099,0.973464603,FALSE,0.973464603,Normal
86,50,12,7/12/2017 16:50,"[[0.3371359556371526, -0.02422153910526699, 0.9269509710256966], [-0.1297924096703296, 0.9888615642106796, 0.06972230480416235], [-0.9181387237417226, -0.14532923463160194, 0.33032353685679966]]",65.5608,0,92,0,1.1765,29,103,11.2817,16.87,1455.25,63,0,5.098,0.337135956,-0.12979241,-0.918138724,0.926950971,0.069722305,0.330323537,0.986653657,FALSE,0.986653657,Normal
